no,건축년도,보증금.만원.,거래금액.만원.,전세가율,주택유형,본번,부번,층,도로명,단지명,전용면적,시군구,법정동,지번,주택인허가_단순,계약유형,임대구분,편차,전용면적_그룹,평균 전세가율,위도,경도,위험확률,위험등급
1,2019,30620,42100,72.73159145,아파트,1,10,9,송정로104번길 21,비바체하임,62.68,수원시 장안구,정자동,'1-10,미상,갱신,불명확,11.60285096,대형,61.12874049,37.29460929,127.0093081,53.46647852,주의
2,2019,36000,43000,83.72093023,아파트,1,10,14,송정로104번길 21,비바체하임,62.68,수원시 장안구,정자동,'1-10,미상,갱신,불명확,22.59218974,대형,61.12874049,37.29460929,127.0093081,57.92041826,주의
3,2019,29000,41500,69.87951807,아파트,1,10,17,송정로104번길 21,비바체하임,65.1,수원시 장안구,정자동,'1-10,미상,갱신,불명확,8.750777579,대형,61.12874049,37.29460929,127.0093081,53.39126736,주의
4,2019,31666.66667,43300,73.13317937,아파트,1,10,19,송정로104번길 21,비바체하임,62.68,수원시 장안구,정자동,'1-10,미상,갱신,불명확,12.00443888,대형,61.12874049,37.29460929,127.0093081,53.47706868,주의
5,1997,21666.66667,32000,67.70833333,아파트,4,20,1,광교산로 148,신미주,84.89,수원시 장안구,연무동,'4-20,미상,신규,불명확,-2.961098589,대형,70.66943192,37.30042279,127.0315994,51.50211204,안전
6,1997,17000,25000,68,아파트,4,20,2,광교산로 148,신미주,59.94,수원시 장안구,연무동,'4-20,미상,신규,불명확,-7.350828317,중형,75.35082832,37.30042279,127.0315994,52.57220221,주의
7,1997,29000,34125,84.98168498,아파트,4,20,2,광교산로 148,신미주,84.89,수원시 장안구,연무동,'4-20,미상,신규,불명확,14.31225306,대형,70.66943192,37.30042279,127.0315994,56.26557212,주의
8,1997,25666.66667,40250,63.76811594,아파트,4,20,8,광교산로 148,신미주,84.89,수원시 장안구,연무동,'4-20,미상,신규,불명확,-6.901315979,대형,70.66943192,37.30042279,127.0315994,51.39820576,안전
9,1997,22500,41500,54.21686747,아파트,4,20,11,광교산로 148,신미주,84.89,수원시 장안구,연무동,'4-20,미상,신규,불명확,-16.45256445,대형,70.66943192,37.30042279,127.0315994,48.61656918,안전
10,1997,20000,27225,73.46189164,아파트,4,20,12,광교산로 148,신미주,59.94,수원시 장안구,연무동,'4-20,미상,신규,불명확,-1.888936677,중형,75.35082832,37.30042279,127.0315994,52.71623609,주의
11,1997,21750,26650,81.61350844,아파트,4,20,13,광교산로 148,신미주,59.94,수원시 장안구,연무동,'4-20,미상,신규,불명확,6.262680123,중형,75.35082832,37.30042279,127.0315994,57.23914967,주의
12,1997,27250,34250,79.5620438,아파트,4,20,13,광교산로 148,신미주,84.89,수원시 장안구,연무동,'4-20,미상,신규,불명확,8.892611881,대형,70.66943192,37.30042279,127.0315994,53.59288888,주의
13,1997,20000,35500,56.33802817,아파트,4,20,14,광교산로 148,신미주,84.89,수원시 장안구,연무동,'4-20,미상,신규,불명확,-14.33140375,대형,70.66943192,37.30042279,127.0315994,48.67250566,안전
14,1997,22000,30000,73.33333333,아파트,4,20,19,광교산로 148,신미주,84.89,수원시 장안구,연무동,'4-20,미상,신규,불명확,2.663901411,대형,70.66943192,37.30042279,127.0315994,51.6504472,안전
15,2000,18000,23850,75.47169811,아파트,5,4,3,매송고색로 751-17,상우,59.86,수원시 권선구,고색동,'5-4,미상,신규,불명확,8.036416246,중형,67.43528186,37.25343785,126.9848021,54.59969559,주의
16,2000,19250,32200,59.7826087,아파트,5,4,9,매송고색로 751-17,상우,84.87,수원시 권선구,고색동,'5-4,미상,신규,불명확,-5.174043813,대형,64.95665251,37.25343785,126.9848021,48.8010681,안전
17,2000,20666.66667,32000,64.58333333,아파트,5,4,10,매송고색로 751-17,상우,84.87,수원시 권선구,고색동,'5-4,미상,신규,불명확,-0.373319183,대형,64.95665251,37.25343785,126.9848021,51.45743008,안전
18,2000,7000,20500,34.14634146,아파트,5,4,3,금호로 248,현대탑월드,59.4,수원시 권선구,탑동,'5-4,미상,신규,불명확,-31.72384336,중형,65.87018482,37.27539454,126.9773856,46.91790792,안전
19,2000,25000,31433.33333,79.53340403,아파트,5,4,4,금호로 248,현대탑월드,83.7,수원시 권선구,탑동,'5-4,미상,신규,불명확,9.921723051,대형,69.61168098,37.27539454,126.9773856,53.59911888,주의
20,2000,10000,19000,52.63157895,아파트,5,4,9,금호로 248,현대탑월드,59.4,수원시 권선구,탑동,'5-4,미상,신규,불명확,-13.23860587,중형,65.87018482,37.27539454,126.9773856,49.69977167,안전
21,1986,12750,17033.33333,74.85322896,아파트,7,114,1,서둔로 12,연안,44.57,수원시 권선구,고색동,'7-114,미상,신규,불명확,7.417947096,중형,67.43528186,37.253056,126.9844409,54.58338613,주의
22,1986,9000,14550,61.8556701,아파트,7,114,1,서둔로 12,연안,44.59,수원시 권선구,고색동,'7-114,미상,신규,불명확,-5.579611764,중형,67.43528186,37.253056,126.9844409,52.46244519,주의
23,1986,11000,18020,61.04328524,아파트,7,114,2,서둔로 12,연안,44.57,수원시 권선구,고색동,'7-114,미상,신규,불명확,-6.391996624,중형,67.43528186,37.253056,126.9844409,52.44102205,주의
24,1986,11150,15537.5,71.76186645,아파트,7,114,2,서둔로 12,연안,44.59,수원시 권선구,고색동,'7-114,미상,신규,불명확,4.326584586,중형,67.43528186,37.253056,126.9844409,52.72367849,주의
25,1986,12800,16338.33333,78.34336428,아파트,7,114,3,서둔로 12,연안,44.57,수원시 권선구,고색동,'7-114,미상,신규,불명확,10.90808242,중형,67.43528186,37.253056,126.9844409,54.67542341,주의
26,1986,11290,15825,71.34281201,아파트,7,114,3,서둔로 12,연안,44.59,수원시 권선구,고색동,'7-114,미상,신규,불명확,3.907530146,중형,67.43528186,37.253056,126.9844409,52.71262773,주의
27,1986,12750,16310,78.17290006,아파트,7,114,4,서둔로 12,연안,44.57,수원시 권선구,고색동,'7-114,미상,신규,불명확,10.7376182,중형,67.43528186,37.253056,126.9844409,54.67092815,주의
28,1986,11666.66667,14850,78.5634119,아파트,7,114,4,서둔로 12,연안,44.59,수원시 권선구,고색동,'7-114,미상,신규,불명확,11.12813004,중형,67.43528186,37.253056,126.9844409,54.68122623,주의
29,1986,9000,13375,67.28971963,아파트,7,114,5,서둔로 12,연안,44.59,수원시 권선구,고색동,'7-114,미상,신규,불명확,-0.145562234,중형,67.43528186,37.253056,126.9844409,52.60574487,주의
30,1994,19000,22500,84.44444444,아파트,9,2,8,송정로 96,벽산그랜드코아,78.86,수원시 장안구,정자동,'9-2,미상,신규,불명확,23.31570395,대형,61.12874049,37.29545448,127.007535,57.94878991,주의
31,1994,18900,26500,71.32075472,아파트,9,2,13,송정로 96,벽산그랜드코아,66.17,수원시 장안구,정자동,'9-2,미상,신규,불명확,10.19201423,대형,61.12874049,37.29545448,127.007535,53.43856586,주의
32,1994,17000,23000,73.91304348,아파트,9,2,14,송정로 96,벽산그랜드코아,66.17,수원시 장안구,정자동,'9-2,미상,신규,불명확,12.78430299,대형,61.12874049,37.29545448,127.007535,53.50692632,주의
33,2003,27500,34000,80.88235294,아파트,9,4,3,창훈로80번길 50,효준,84.12,수원시 장안구,연무동,'9-4,미상,신규,불명확,10.21292102,대형,70.66943192,37.29949309,127.0292866,56.15746988,주의
34,2003,20000,25000,80,아파트,9,4,4,창훈로80번길 50,효준,75.25,수원시 장안구,연무동,'9-4,미상,신규,불명확,9.330568081,대형,70.66943192,37.29949309,127.0292866,56.13420162,주의
35,1999,8900,10175,87.46928747,아파트,10,0,2,창훈로60번길 31,성원,33.27,수원시 장안구,연무동,'10,미상,신규,불명확,12.11845915,중형,75.35082832,37.29859573,127.0295401,57.39357063,주의
36,1999,2000,11066.66667,18.07228916,아파트,10,0,6,창훈로60번길 31,성원,33.27,수원시 장안구,연무동,'10,미상,신규,불명확,-57.27853916,중형,75.35082832,37.29859573,127.0295401,46.43141504,안전
37,1999,9000,10666.66667,84.375,아파트,10,0,7,창훈로60번길 31,성원,33.27,수원시 장안구,연무동,'10,미상,신규,불명확,9.024171683,중형,75.35082832,37.29859573,127.0295401,57.31197211,주의
38,1999,9500,11775,80.67940552,아파트,10,0,8,창훈로60번길 31,성원,33.27,수원시 장안구,연무동,'10,미상,신규,불명확,5.328577203,중형,75.35082832,37.29859573,127.0295401,57.21451673,주의
39,1999,10500,12500,84,아파트,10,0,9,창훈로60번길 31,성원,33.27,수원시 장안구,연무동,'10,미상,신규,불명확,8.649171683,중형,75.35082832,37.29859573,127.0295401,57.30208311,주의
40,1999,14200,20433.33333,69.49429038,아파트,10,0,9,창훈로60번길 31,성원,52.07,수원시 장안구,연무동,'10,미상,신규,불명확,-5.856537937,중형,75.35082832,37.29859573,127.0295401,52.61160769,주의
41,1999,9214.285714,11400,80.82706767,아파트,10,0,10,창훈로60번길 31,성원,33.27,수원시 장안구,연무동,'10,미상,신규,불명확,5.476239353,중형,75.35082832,37.29859573,127.0295401,57.21841067,주의
42,1999,8750,10433.33333,83.8658147,아파트,10,0,13,창훈로60번길 31,성원,33.27,수원시 장안구,연무동,'10,미상,신규,불명확,8.514986383,중형,75.35082832,37.29859573,127.0295401,57.29854455,주의
43,1985,13000,20500,63.41463415,아파트,11,1,1,송정로90번길 4,효성,75.51,수원시 장안구,정자동,'11-1,미상,신규,불명확,2.285893659,대형,61.12874049,37.29529697,127.006425,51.4518897,안전
44,1985,15300,22000,69.54545455,아파트,11,1,3,송정로90번길 4,효성,75.51,수원시 장안구,정자동,'11-1,미상,신규,불명확,8.416714059,대형,61.12874049,37.29529697,127.006425,53.39174996,주의
45,1985,20000,32000,62.5,아파트,11,1,5,송정로90번길 4,효성,75.51,수원시 장안구,정자동,'11-1,미상,신규,불명확,1.371259509,대형,61.12874049,37.29529697,127.006425,51.42777016,안전
46,2001,18000,31350,57.41626794,아파트,11,11,2,장안로5번길 45,성원쌍떼빌,59.55,수원시 팔달구,화서동,'11-11,주택,신규,불명확,4.203073189,중형,53.21319475,37.28463332,127.0041696,49.32915993,안전
47,2001,19666.66667,24900,78.98259705,아파트,11,11,3,장안로5번길 45,성원쌍떼빌,59.55,수원시 팔달구,화서동,'11-11,주택,신규,불명확,25.7694023,중형,53.21319475,37.28463332,127.0041696,55.84020852,주의
48,2001,20000,42200,47.39336493,아파트,11,11,3,장안로5번길 45,성원쌍떼빌,84.48,수원시 팔달구,화서동,'11-11,주택,신규,불명확,-10.459899,대형,57.85326393,37.28463332,127.0041696,47.94089255,안전
49,2001,19500,25900,75.28957529,아파트,11,11,4,장안로5번길 45,성원쌍떼빌,59.55,수원시 팔달구,화서동,'11-11,주택,신규,불명확,22.07638054,중형,53.21319475,37.28463332,127.0041696,54.10844124,주의
50,2001,20000,28300,70.67137809,아파트,11,11,6,장안로5번길 45,성원쌍떼빌,59.55,수원시 팔달구,화서동,'11-11,주택,신규,불명확,17.45818334,중형,53.21319475,37.28463332,127.0041696,53.98665618,주의
51,2001,24000,30000,80,아파트,11,11,7,장안로5번길 45,성원쌍떼빌,71.45,수원시 팔달구,화서동,'11-11,주택,신규,불명확,22.14673607,대형,57.85326393,37.28463332,127.0041696,55.63846547,주의
52,2001,22500,29600,76.01351351,아파트,11,11,8,장안로5번길 45,성원쌍떼빌,59.55,수원시 팔달구,화서동,'11-11,주택,신규,불명확,22.80031876,중형,53.21319475,37.28463332,127.0041696,55.76191172,주의
53,2001,23000,37000,62.16216216,아파트,11,11,8,장안로5번길 45,성원쌍떼빌,84.48,수원시 팔달구,화서동,'11-11,주택,신규,불명확,4.308898228,대형,57.85326393,37.28463332,127.0041696,50.86011951,안전
54,2001,17200,30625,56.16326531,아파트,11,11,9,장안로5번길 45,성원쌍떼빌,59.55,수원시 팔달구,화서동,'11-11,주택,신규,불명확,2.950070559,중형,53.21319475,37.28463332,127.0041696,49.29611739,안전
55,2001,21000,29033.33333,72.33065442,아파트,11,11,10,장안로5번길 45,성원쌍떼빌,59.55,수원시 팔달구,화서동,'11-11,주택,신규,불명확,19.11745967,중형,53.21319475,37.28463332,127.0041696,54.03041246,주의
56,2001,18000,23500,76.59574468,아파트,11,11,11,장안로5번길 45,성원쌍떼빌,59.27,수원시 팔달구,화서동,'11-11,주택,신규,불명확,23.38254993,중형,53.21319475,37.28463332,127.0041696,55.77726556,주의
57,2001,19166.66667,30150,63.57103372,아파트,11,11,11,장안로5번길 45,성원쌍떼빌,59.55,수원시 팔달구,화서동,'11-11,주택,신규,불명확,10.35783897,중형,53.21319475,37.28463332,127.0041696,53.79941516,주의
58,2001,24500,36850,66.48575305,아파트,11,11,11,장안로5번길 45,성원쌍떼빌,84.48,수원시 팔달구,화서동,'11-11,주택,신규,불명확,8.632489118,대형,57.85326393,37.28463332,127.0041696,52.75232187,주의
59,2001,22500,31500,71.42857143,아파트,11,11,12,장안로5번길 45,성원쌍떼빌,59.55,수원시 팔달구,화서동,'11-11,주택,신규,불명확,18.21537668,중형,53.21319475,37.28463332,127.0041696,54.0066239,주의
60,2001,24800,44500,55.73033708,아파트,11,11,12,장안로5번길 45,성원쌍떼빌,84.48,수원시 팔달구,화서동,'11-11,주택,신규,불명확,-2.122926852,대형,57.85326393,37.28463332,127.0041696,48.16074429,안전
61,2001,25000,27650,90.4159132,아파트,11,11,13,장안로5번길 45,성원쌍떼빌,59.55,수원시 팔달구,화서동,'11-11,주택,신규,불명확,37.20271845,중형,53.21319475,37.28463332,127.0041696,58.67147654,주의
62,2001,23142.85714,31900,72.54814151,아파트,11,11,14,장안로5번길 45,성원쌍떼빌,59.55,수원시 팔달구,화서동,'11-11,주택,신규,불명확,19.33494676,중형,53.21319475,37.28463332,127.0041696,54.03614774,주의
63,2001,18266.66667,34500,52.9468599,아파트,11,11,14,장안로5번길 45,성원쌍떼빌,66.27,수원시 팔달구,화서동,'11-11,주택,신규,불명확,-4.906404032,대형,57.85326393,37.28463332,127.0041696,48.08734207,안전
64,2001,28000,40150,69.7384807,아파트,11,11,16,장안로5번길 45,성원쌍떼빌,84.48,수원시 팔달구,화서동,'11-11,주택,신규,불명확,11.88521677,대형,57.85326393,37.28463332,127.0041696,52.83809857,주의
65,1991,16666.66667,21700,76.80491551,아파트,11,41,1,팔달로165번길 39,벽산아파트,63.78,수원시 팔달구,화서동,'11-41,미상,신규,불명확,18.95165158,대형,57.85326393,37.28393486,127.0036546,53.60481782,주의
66,1991,15150,18400,82.33695652,아파트,11,41,3,팔달로165번길 39,벽산아파트,63.78,수원시 팔달구,화서동,'11-41,미상,신규,불명확,24.48369259,대형,57.85326393,37.28393486,127.0036546,57.91484481,주의
67,1991,12500,25500,49.01960784,아파트,11,41,4,팔달로165번길 39,벽산아파트,63.78,수원시 팔달구,화서동,'11-41,미상,신규,불명확,-8.833656092,대형,57.85326393,37.28393486,127.0036546,48.56415014,안전
68,1991,23000,29000,79.31034483,아파트,11,41,4,팔달로165번길 39,벽산아파트,114.9,수원시 팔달구,화서동,'11-41,미상,신규,불명확,20.98500636,초대형,58.32533847,37.28393486,127.0036546,53.6677702,주의
69,1991,18000,19750,91.13924051,아파트,11,41,6,팔달로165번길 39,벽산아파트,63.78,수원시 팔달구,화서동,'11-41,미상,신규,불명확,33.28597658,대형,57.85326393,37.28393486,127.0036546,58.14696715,주의
70,1991,15000,29000,51.72413793,아파트,11,41,6,팔달로165번길 39,벽산아파트,84.7,수원시 팔달구,화서동,'11-41,미상,신규,불명확,-6.129126002,대형,57.85326393,37.28393486,127.0036546,48.63547048,안전
71,1991,25000,31400,79.61783439,아파트,11,41,7,팔달로165번길 39,벽산아파트,84.7,수원시 팔달구,화서동,'11-41,미상,신규,불명확,21.76457046,대형,57.85326393,37.28393486,127.0036546,53.67899644,주의
72,1991,19000,20000,95,아파트,11,41,8,팔달로165번길 39,벽산아파트,63.78,수원시 팔달구,화서동,'11-41,미상,신규,불명확,37.14673607,대형,57.85326393,37.28393486,127.0036546,58.24877807,주의
73,1991,23666.66667,27075,87.41151123,아파트,11,41,8,팔달로165번길 39,벽산아파트,84.7,수원시 팔달구,화서동,'11-41,미상,신규,불명확,29.5582473,대형,57.85326393,37.28393486,127.0036546,58.04866435,주의
74,1991,20000,26000,76.92307692,아파트,11,41,10,팔달로165번길 39,벽산아파트,84.7,수원시 팔달구,화서동,'11-41,미상,신규,불명확,19.06981299,대형,57.85326393,37.28393486,127.0036546,53.6079338,주의
75,1991,16000,27000,59.25925926,아파트,11,41,11,팔달로165번길 39,벽산아파트,63.78,수원시 팔달구,화서동,'11-41,미상,신규,불명확,1.405995328,대형,57.85326393,37.28393486,127.0036546,48.83417688,안전
76,1992,11000,22750,48.35164835,아파트,13,0,4,송정로76번길 45,기산,58.87,수원시 장안구,정자동,'13,주택,신규,불명확,-11.81397613,중형,60.16562448,37.29434482,127.0072281,49.04420667,안전
77,1992,20000,21800,91.74311927,아파트,13,0,10,송정로76번길 45,기산,58.87,수원시 장안구,정자동,'13,주택,신규,불명확,31.57749479,중형,60.16562448,37.29434482,127.0072281,58.66056294,주의
78,1992,16000,22566.66667,70.90103397,아파트,13,0,11,송정로76번길 45,기산,58.87,수원시 장안구,정자동,'13,주택,신규,불명확,10.73540949,중형,60.16562448,37.29434482,127.0072281,53.94679942,주의
79,1992,18000,21150,85.10638298,아파트,13,0,12,송정로76번길 45,기산,58.87,수원시 장안구,정자동,'13,주택,신규,불명확,24.9407585,중형,60.16562448,37.29434482,127.0072281,58.48554758,주의
80,2022,13000,26700,48.68913858,아파트,18,2,9,창훈로 74,서광교파크뷰,41.18,수원시 장안구,연무동,'18-2,미상,신규,불명확,-26.66168974,중형,75.35082832,37.2980558,127.0278461,53.03176063,주의
81,1991,15000,13900,107.9136691,아파트,21,0,3,창훈로66번길 11-3,유천프라자,59.67,수원시 장안구,연무동,'21,미상,불명확,불명확,32.56284078,중형,75.35082832,37.29795644,127.0284577,60.89286598,위험
82,1991,10666.66667,22500,47.40740741,아파트,21,0,4,창훈로66번길 11-3,유천프라자,59.67,수원시 장안구,연무동,'21,미상,불명확,불명확,-27.94342091,중형,75.35082832,37.29795644,127.0284577,48.53078557,안전
83,1991,13333.33333,20000,66.66666667,아파트,21,0,7,창훈로66번길 11-3,유천프라자,59.67,수원시 장안구,연무동,'21,미상,불명확,불명확,-8.684161647,중형,75.35082832,37.29795644,127.0284577,51.56842915,안전
84,1991,16000,20000,80,아파트,21,5,1,창훈로66번길 12,유천프라자(21-5)나동,59.58,수원시 장안구,연무동,'21-5,미상,신규,불명확,4.649171683,중형,75.35082832,37.29800796,127.0291048,57.19660033,주의
85,1991,9000,16500,54.54545455,아파트,21,5,3,창훈로66번길 12,유천프라자(21-5)나동,63.45,수원시 장안구,연무동,'21-5,미상,신규,불명확,-16.12397737,대형,70.66943192,37.29800796,127.0291048,48.62523426,안전
86,1991,13000,25000,52,아파트,21,5,3,창훈로66번길 12,유천프라자(21-5)나동,66.51,수원시 장안구,연무동,'21-5,미상,신규,불명확,-18.66943192,대형,70.66943192,37.29800796,127.0291048,48.55810884,안전
87,2008,44500,78500,56.68789809,아파트,24,1,3,정자천로188번길 21,정자KTe-편한세상,140.72,수원시 장안구,정자동,'24-1,주택,신규,불명확,-6.70091572,초대형,63.38881381,37.29643649,126.9981937,48.14943979,안전
88,2008,39900,64700,61.66924266,아파트,24,1,4,정자천로188번길 21,정자KTe-편한세상,143.41,수원시 장안구,정자동,'24-1,주택,신규,불명확,-1.71957115,초대형,63.38881381,37.29643649,126.9981937,50.81056483,안전
89,2008,41000,68500,59.8540146,아파트,24,1,5,정자천로188번길 21,정자KTe-편한세상,84.76,수원시 장안구,정자동,'24-1,주택,신규,불명확,-1.274725891,대형,61.12874049,37.29643649,126.9981937,48.24785771,안전
90,2008,41000,67200,61.01190476,아파트,24,1,8,정자천로188번길 21,정자KTe-편한세상,84.76,수원시 장안구,정자동,'24-1,주택,신규,불명확,-0.116835731,대형,61.12874049,37.29643649,126.9981937,50.80815561,안전
91,2008,46200,83000,55.6626506,아파트,24,1,13,정자천로188번길 21,정자KTe-편한세상,143.41,수원시 장안구,정자동,'24-1,주택,신규,불명확,-7.72616321,초대형,63.38881381,37.29643649,126.9981937,48.12240329,안전
92,2008,69700,88700,78.5794814,아파트,24,1,14,정자천로188번길 21,정자KTe-편한세상,140.72,수원시 장안구,정자동,'24-1,주택,신규,불명확,15.19066759,초대형,63.38881381,37.29643649,126.9981937,53.03468585,주의
93,2008,40000,74500,53.69127517,아파트,24,1,15,정자천로188번길 21,정자KTe-편한세상,84.76,수원시 장안구,정자동,'24-1,주택,신규,불명확,-7.437465321,대형,61.12874049,37.29643649,126.9981937,48.08534199,안전
94,2021,30000,35900,83.56545961,아파트,24,6,4,정조로715번길 29,만강,69.42,수원시 팔달구,매교동,'24-6,미상,신규,불명확,29.29144437,대형,54.27401524,37.27055529,127.0160282,61.46944097,위험
95,2021,28333.33333,35400,80.03766478,아파트,24,6,5,정조로715번길 29,만강,66.48,수원시 팔달구,매교동,'24-6,미상,신규,불명확,25.76364954,대형,54.27401524,37.27055529,127.0160282,61.37641055,위험
96,2001,23000,27200,84.55882353,아파트,25,4,2,매산로130번길 15,건영캐스빌,82.64,수원시 팔달구,매교동,'25-4,미상,신규,불명확,30.28480829,대형,54.27401524,37.27131907,127.0154347,57.99707389,주의
97,2001,21400,28500,75.0877193,아파트,25,4,5,매산로130번길 15,건영캐스빌,82.64,수원시 팔달구,매교동,'25-4,미상,신규,불명확,20.81370406,대형,54.27401524,37.27131907,127.0154347,53.58317104,주의
98,2001,22000,27350,80.43875686,아파트,25,4,7,매산로130번길 15,건영캐스빌,82.64,수원시 팔달구,매교동,'25-4,미상,신규,불명확,26.16474162,대형,54.27401524,37.27131907,127.0154347,57.88842485,주의
99,2001,22750,28000,81.25,아파트,25,4,10,매산로130번길 15,건영캐스빌,82.64,수원시 팔달구,매교동,'25-4,미상,신규,불명확,26.97598476,대형,54.27401524,37.27131907,127.0154347,57.90981791,주의
100,1988,11737.27273,45400,25.85302363,아파트,28,0,1,중부대로223번길 102,우만주공1단지,38.52,수원시 팔달구,우만동,'28,미상,신규,불명확,-17.52830032,중형,43.38132395,37.2813723,127.0404454,46.84772088,안전
101,1988,12368.33333,49540,24.96635715,아파트,28,0,1,중부대로223번길 102,우만주공1단지,47.25,수원시 팔달구,우만동,'28,미상,신규,불명확,-18.4149668,중형,43.38132395,37.2813723,127.0404454,46.82433888,안전
102,1988,11538.16667,42266.66667,27.29850158,아파트,28,0,2,중부대로223번길 102,우만주공1단지,38.52,수원시 팔달구,우만동,'28,미상,신규,불명확,-16.08282237,중형,43.38132395,37.2813723,127.0404454,46.88583914,안전
103,1988,13828.63636,50000,27.65727273,아파트,28,0,2,중부대로223번길 102,우만주공1단지,47.25,수원시 팔달구,우만동,'28,미상,신규,불명확,-15.72405122,중형,43.38132395,37.2813723,127.0404454,46.8953002,안전
104,1988,12163.63636,53000,22.95025729,아파트,28,0,3,중부대로223번길 102,우만주공1단지,38.52,수원시 팔달구,우만동,'28,미상,신규,불명확,-20.43106666,중형,43.38132395,37.2813723,127.0404454,46.77117292,안전
105,1988,12887,48833.33333,26.38976109,아파트,28,0,3,중부대로223번길 102,우만주공1단지,47.25,수원시 팔달구,우만동,'28,미상,신규,불명확,-16.99156286,중형,43.38132395,37.2813723,127.0404454,46.86187502,안전
106,1988,11761,51350,22.90360273,아파트,28,0,4,중부대로223번길 102,우만주공1단지,38.52,수원시 팔달구,우만동,'28,미상,신규,불명확,-20.47772122,중형,43.38132395,37.2813723,127.0404454,46.7699426,안전
107,1988,10693.91892,41100,26.01926744,아파트,28,0,5,중부대로223번길 102,우만주공1단지,38.52,수원시 팔달구,우만동,'28,미상,신규,불명확,-17.36205651,중형,43.38132395,37.2813723,127.0404454,46.85210484,안전
108,1988,13138.90625,55450,23.69505185,아파트,28,0,5,중부대로223번길 102,우만주공1단지,47.25,수원시 팔달구,우만동,'28,미상,신규,불명확,-19.6862721,중형,43.38132395,37.2813723,127.0404454,46.79081368,안전
109,1989,12160,51350,23.68062317,아파트,28,0,1,중부대로223번길 54-13,우만주공2단지,45.9,수원시 팔달구,우만동,'28,미상,신규,불명확,-19.70070078,중형,43.38132395,37.27747579,127.0417543,46.79043318,안전
110,1989,13333.33333,39500,33.75527426,아파트,28,0,1,중부대로223번길 92,우만주공2단지,45.77,수원시 팔달구,우만동,'28,미상,신규,불명확,-9.62604969,중형,43.38132395,37.2801141,127.0424676,47.05610874,안전
111,1989,17250,52500,32.85714286,아파트,28,0,1,중부대로223번길 92,우만주공2단지,58.01,수원시 팔달구,우만동,'28,미상,신규,불명확,-10.52418109,중형,43.38132395,37.2801141,127.0424676,47.03242438,안전
112,1989,16500,66650,24.75618905,아파트,28,0,1,중부대로223번길 92,우만주공2단지,59.39,수원시 팔달구,우만동,'28,미상,신규,불명확,-18.6251349,중형,43.38132395,37.2801141,127.0424676,46.8187966,안전
113,1989,11275,41800,26.97368421,아파트,28,0,2,중부대로223번길 54-13,우만주공2단지,45.9,수원시 팔달구,우만동,'28,미상,신규,불명확,-16.40763974,중형,43.38132395,37.27747579,127.0417543,46.87727348,안전
114,1989,22500,66000,34.09090909,아파트,28,0,2,중부대로223번길 54-13,우만주공2단지,66.56,수원시 팔달구,우만동,'28,미상,신규,불명확,-24.30051296,대형,58.39142205,37.27747579,127.0417543,45.87252087,안전
115,1989,14000,46900,29.85074627,아파트,28,0,2,중부대로223번길 92,우만주공2단지,41.3,수원시 팔달구,우만동,'28,미상,신규,불명확,-13.53057768,중형,43.38132395,37.2801141,127.0424676,46.95314362,안전
116,1989,15605,50000,31.21,아파트,28,0,2,중부대로223번길 92,우만주공2단지,49.94,수원시 팔달구,우만동,'28,미상,신규,불명확,-12.17132395,중형,43.38132395,37.2801141,127.0424676,46.98898808,안전
117,1989,17583.33333,52500,33.49206349,아파트,28,0,2,중부대로223번길 92,우만주공2단지,58.01,수원시 팔달구,우만동,'28,미상,신규,불명확,-9.88926046,중형,43.38132395,37.2801141,127.0424676,47.04916768,안전
118,1989,18000,50250,35.82089552,아파트,28,0,3,중부대로223번길 92,우만주공2단지,49.94,수원시 팔달구,우만동,'28,미상,신규,불명확,-7.56042843,중형,43.38132395,37.2801141,127.0424676,47.1105806,안전
119,1989,19000,54000,35.18518519,아파트,28,0,3,중부대로223번길 92,우만주공2단지,59.39,수원시 팔달구,우만동,'28,미상,신규,불명확,-8.19613876,중형,43.38132395,37.2801141,127.0424676,47.09381648,안전
120,1989,12500,43500,28.73563218,아파트,28,0,4,중부대로223번길 54-13,우만주공2단지,45.9,수원시 팔달구,우만동,'28,미상,신규,불명확,-14.64569177,중형,43.38132395,37.27747579,127.0417543,46.92373728,안전
121,1989,16875,50000,33.75,아파트,28,0,4,중부대로223번길 54-13,우만주공2단지,49.94,수원시 팔달구,우만동,'28,미상,신규,불명확,-9.63132395,중형,43.38132395,37.27747579,127.0417543,47.05596964,안전
122,1989,12666.66667,46500,27.24014337,아파트,28,0,4,중부대로223번길 92,우만주공2단지,45.77,수원시 팔달구,우만동,'28,미상,신규,불명확,-16.14118058,중형,43.38132395,37.2801141,127.0424676,46.8843002,안전
123,1989,16918.18182,50000,33.83636364,아파트,28,0,4,중부대로223번길 92,우만주공2단지,49.94,수원시 팔달구,우만동,'28,미상,신규,불명확,-9.54496031,중형,43.38132395,37.2801141,127.0424676,47.05824712,안전
124,1989,17764.70588,56000,31.72268908,아파트,28,0,4,중부대로223번길 92,우만주공2단지,58.01,수원시 팔달구,우만동,'28,미상,신규,불명확,-11.65863487,중형,43.38132395,37.2801141,127.0424676,47.00250804,안전
125,1989,16250,49500,32.82828283,아파트,28,0,5,중부대로223번길 54-13,우만주공2단지,49.94,수원시 팔달구,우만동,'28,미상,신규,불명확,-10.55304112,중형,43.38132395,37.27747579,127.0417543,47.03166332,안전
126,1989,20887.5,55050,37.94277929,아파트,28,0,5,중부대로223번길 92,우만주공2단지,49.94,수원시 팔달구,우만동,'28,미상,신규,불명확,-5.43854466,중형,43.38132395,37.2801141,127.0424676,47.16653616,안전
127,1989,15987.5,52000,30.74519231,아파트,28,0,5,중부대로223번길 92,우만주공2단지,58.01,수원시 팔달구,우만동,'28,미상,신규,불명확,-12.63613164,중형,43.38132395,37.2801141,127.0424676,46.97673078,안전
128,1989,17250,51250,33.65853659,아파트,28,0,6,중부대로223번길 54-13,우만주공2단지,49.94,수원시 팔달구,우만동,'28,미상,신규,불명확,-9.72278736,중형,43.38132395,37.27747579,127.0417543,47.0535577,안전
129,1989,15344.44444,54000,28.41563786,아파트,28,0,6,중부대로223번길 92,우만주공2단지,49.94,수원시 팔달구,우만동,'28,미상,신규,불명확,-14.96568609,중형,43.38132395,37.2801141,127.0424676,46.9152988,안전
130,1989,17800,58000,30.68965517,아파트,28,0,7,중부대로223번길 54-13,우만주공2단지,61.52,수원시 팔달구,우만동,'28,미상,신규,불명확,-27.70176688,대형,58.39142205,37.27747579,127.0417543,45.78282743,안전
131,1989,15000,41100,36.49635036,아파트,28,0,7,중부대로223번길 92,우만주공2단지,41.3,수원시 팔달구,우만동,'28,미상,신규,불명확,-6.88497359,중형,43.38132395,37.2801141,127.0424676,47.12839282,안전
132,1989,16200,71800,22.56267409,아파트,28,0,7,중부대로223번길 92,우만주공2단지,49.94,수원시 팔달구,우만동,'28,미상,신규,불명확,-20.81864986,중형,43.38132395,37.2801141,127.0424676,46.76095208,안전
133,1989,16416.66667,59800,27.45261984,아파트,28,0,7,중부대로223번길 92,우만주공2단지,58.01,수원시 팔달구,우만동,'28,미상,신규,불명확,-15.92870411,중형,43.38132395,37.2801141,127.0424676,46.88990336,안전
134,1989,16612.5,47750,34.79057592,아파트,28,0,8,중부대로223번길 54-13,우만주공2단지,49.94,수원시 팔달구,우만동,'28,미상,신규,불명확,-8.59074803,중형,43.38132395,37.27747579,127.0417543,47.08341036,안전
135,1989,16000,42000,38.0952381,아파트,28,0,8,중부대로223번길 92,우만주공2단지,41.3,수원시 팔달구,우만동,'28,미상,신규,불명확,-5.28608585,중형,43.38132395,37.2801141,127.0424676,47.1705566,안전
136,1989,20950,61350,34.14832926,아파트,28,0,8,중부대로223번길 92,우만주공2단지,58.01,수원시 팔달구,우만동,'28,미상,신규,불명확,-9.23299469,중형,43.38132395,37.2801141,127.0424676,47.06647386,안전
137,1989,15833.33333,52000,30.44871795,아파트,28,0,9,중부대로223번길 54-13,우만주공2단지,49.94,수원시 팔달구,우만동,'28,미상,신규,불명확,-12.932606,중형,43.38132395,37.27747579,127.0417543,46.96891254,안전
138,1989,18000,50000,36,아파트,28,0,9,중부대로223번길 92,우만주공2단지,41.3,수원시 팔달구,우만동,'28,미상,신규,불명확,-7.38132395,중형,43.38132395,37.2801141,127.0424676,47.11530372,안전
139,1989,14666.66667,47800,30.68340307,아파트,28,0,9,중부대로223번길 92,우만주공2단지,45.77,수원시 팔달구,우만동,'28,미상,신규,불명확,-12.69792088,중형,43.38132395,37.2801141,127.0424676,46.97510136,안전
140,1989,17269.23077,55625,31.04580812,아파트,28,0,9,중부대로223번길 92,우만주공2단지,58.01,수원시 팔달구,우만동,'28,미상,신규,불명확,-12.33551583,중형,43.38132395,37.2801141,127.0424676,46.98465822,안전
141,1989,21616.66667,52500,41.17460317,아파트,28,0,9,중부대로223번길 92,우만주공2단지,59.39,수원시 팔달구,우만동,'28,미상,신규,불명확,-2.20672078,중형,43.38132395,37.2801141,127.0424676,49.54615679,안전
142,1989,17541.625,52000,33.73389423,아파트,28,0,10,중부대로223번길 54-13,우만주공2단지,49.94,수원시 팔달구,우만동,'28,미상,신규,불명확,-9.64742972,중형,43.38132395,37.27747579,127.0417543,47.05554492,안전
143,1989,18591.25,60000,30.98541667,아파트,28,0,10,중부대로223번길 92,우만주공2단지,58.01,수원시 팔달구,우만동,'28,미상,신규,불명확,-12.39590728,중형,43.38132395,37.2801141,127.0424676,46.98306566,안전
144,1989,12000,47733.33333,25.1396648,아파트,28,0,11,중부대로223번길 54-13,우만주공2단지,45.9,수원시 팔달구,우만동,'28,미상,신규,불명확,-18.24165915,중형,43.38132395,37.27747579,127.0417543,46.82890912,안전
145,1989,19400,61000,31.80327869,아파트,28,0,11,중부대로223번길 54-13,우만주공2단지,61.52,수원시 팔달구,우만동,'28,미상,신규,불명확,-26.58814336,대형,58.39142205,37.27747579,127.0417543,45.81219445,안전
146,1989,18000,45000,40,아파트,28,0,11,중부대로223번길 92,우만주공2단지,41.3,수원시 팔달구,우만동,'28,미상,신규,불명확,-3.38132395,중형,43.38132395,37.2801141,127.0424676,47.2207865,안전
147,1989,19000,53000,35.8490566,아파트,28,0,11,중부대로223번길 92,우만주공2단지,45.77,수원시 팔달구,우만동,'28,미상,신규,불명확,-7.53226735,중형,43.38132395,37.2801141,127.0424676,47.11132322,안전
148,1989,19953.33333,60500,32.98071625,아파트,28,0,11,중부대로223번길 92,우만주공2단지,58.01,수원시 팔달구,우만동,'28,미상,신규,불명확,-10.4006077,중형,43.38132395,37.2801141,127.0424676,47.0356831,안전
149,1989,18000,47500,37.89473684,아파트,28,0,12,중부대로223번길 92,우만주공2단지,45.77,수원시 팔달구,우만동,'28,미상,신규,불명확,-5.48658711,중형,43.38132395,37.2801141,127.0424676,47.16526924,안전
150,1989,13600,52500,25.9047619,아파트,28,0,12,중부대로223번길 92,우만주공2단지,49.94,수원시 팔달구,우만동,'28,미상,신규,불명확,-17.47656205,중형,43.38132395,37.2801141,127.0424676,46.84908526,안전
151,1989,18336.36364,54500,33.64470392,아파트,28,0,12,중부대로223번길 92,우만주공2단지,58.01,수원시 팔달구,우만동,'28,미상,신규,불명확,-9.73662003,중형,43.38132395,37.2801141,127.0424676,47.05319292,안전
152,1989,14450,49500,29.19191919,아파트,28,0,13,중부대로223번길 54-13,우만주공2단지,45.9,수원시 팔달구,우만동,'28,미상,신규,불명확,-14.18940476,중형,43.38132395,37.27747579,127.0417543,46.93576988,안전
153,1989,18750,52500,35.71428571,아파트,28,0,13,중부대로223번길 54-13,우만주공2단지,49.94,수원시 팔달구,우만동,'28,미상,신규,불명확,-7.66703824,중형,43.38132395,37.27747579,127.0417543,47.10776922,안전
154,1989,16500,51100,32.28962818,아파트,28,0,13,중부대로223번길 92,우만주공2단지,49.94,수원시 팔달구,우만동,'28,미상,신규,불명확,-11.09169577,중형,43.38132395,37.2801141,127.0424676,47.01745862,안전
155,1989,21529.54545,60250,35.7336854,아파트,28,0,13,중부대로223번길 92,우만주공2단지,58.01,수원시 팔달구,우만동,'28,미상,신규,불명확,-7.64763855,중형,43.38132395,37.2801141,127.0424676,47.10828082,안전
156,1989,14641.14286,42000,34.85986395,아파트,28,0,14,중부대로223번길 54-13,우만주공2단지,45.9,수원시 팔달구,우만동,'28,미상,신규,불명확,-8.52146,중형,43.38132395,37.27747579,127.0417543,47.08523752,안전
157,1989,14962.5,48000,31.171875,아파트,28,0,14,중부대로223번길 92,우만주공2단지,49.94,수원시 팔달구,우만동,'28,미상,신규,불명확,-12.20944895,중형,43.38132395,37.2801141,127.0424676,46.9879827,안전
158,1989,15677.85714,61000,25.70140515,아파트,28,0,14,중부대로223번길 92,우만주공2단지,58.01,수원시 팔달구,우만동,'28,미상,신규,불명확,-17.6799188,중형,43.38132395,37.2801141,127.0424676,46.8437226,안전
159,1989,16714.28571,49250,33.93763597,아파트,28,0,15,중부대로223번길 54-13,우만주공2단지,49.94,수원시 팔달구,우만동,'28,미상,신규,불명확,-9.44368798,중형,43.38132395,37.27747579,127.0417543,47.06091774,안전
160,1989,15585,57850,26.94036301,아파트,28,0,15,중부대로223번길 92,우만주공2단지,49.94,수원시 팔달구,우만동,'28,미상,신규,불명확,-16.44096094,중형,43.38132395,37.2801141,127.0424676,46.87639478,안전
161,1989,19454.54545,59733.33333,32.56899351,아파트,28,0,15,중부대로223번길 92,우만주공2단지,58.01,수원시 팔달구,우만동,'28,미상,신규,불명확,-10.81233044,중형,43.38132395,37.2801141,127.0424676,47.02482568,안전
162,1991,25000,31666.66667,78.94736842,아파트,29,1,5,수성로275번길 133,신미주,76.38,수원시 장안구,정자동,'29-1,미상,신규,불명확,17.81862793,대형,61.12874049,37.29527003,126.9977506,53.63968496,주의
163,1991,20000,20500,97.56097561,아파트,29,1,7,수성로275번길 133,신미주,72.64,수원시 장안구,정자동,'29-1,미상,신규,불명확,36.43223512,대형,61.12874049,37.29527003,126.9977506,58.29468195,주의
164,1991,25000,37000,67.56756757,아파트,29,1,7,수성로275번길 133,신미주,76.38,수원시 장안구,정자동,'29-1,미상,신규,불명확,6.438827079,대형,61.12874049,37.29527003,126.9977506,53.3395917,주의
165,1991,15750,22000,71.59090909,아파트,29,1,13,수성로275번길 133,신미주,67.38,수원시 장안구,정자동,'29-1,미상,신규,불명확,10.4621686,대형,61.12874049,37.29527003,126.9977506,53.44569,주의
166,1989,28000,29750,94.11764706,아파트,30,1,1,정자천로188번길 71-21,현대,84.53,수원시 장안구,정자동,'30-1,미상,신규,불명확,32.98890657,대형,61.12874049,37.29409636,126.9984748,58.20387899,주의
167,1989,21800,44000,49.54545455,아파트,30,1,3,정자천로188번길 71-21,현대,84.94,수원시 장안구,정자동,'30-1,미상,신규,불명확,-11.58328594,대형,61.12874049,37.29409636,126.9984748,48.55638626,안전
168,1989,21700,29000,74.82758621,아파트,30,1,3,정자천로188번길 71-22,현대,70.96,수원시 장안구,정자동,'30-1,미상,신규,불명확,13.69884572,대형,61.12874049,37.29372523,126.999245,53.53104344,주의
169,1989,19600,28000,70,아파트,30,1,4,정자천로188번길 71-22,현대,70.96,수원시 장안구,정자동,'30-1,미상,신규,불명확,8.871259509,대형,61.12874049,37.29372523,126.999245,53.40373664,주의
170,1989,26000,31300,83.06709265,아파트,30,1,5,정자천로188번길 71-21,현대,84.94,수원시 장안구,정자동,'30-1,미상,신규,불명확,21.93835216,대형,61.12874049,37.29409636,126.9984748,56.27808848,주의
171,1989,26333.33333,39500,66.66666667,아파트,30,1,7,정자천로188번길 71-21,현대,84.94,수원시 장안구,정자동,'30-1,미상,신규,불명확,5.537926179,대형,61.12874049,37.29409636,126.9984748,53.31583432,주의
172,1989,24150,36500,66.16438356,아파트,30,1,8,정자천로188번길 71-21,현대,84.94,수원시 장안구,정자동,'30-1,미상,신규,불명확,5.035643069,대형,61.12874049,37.29409636,126.9984748,53.30258876,주의
173,1989,23000,29000,79.31034483,아파트,30,1,8,정자천로188번길 71-22,현대,70.96,수원시 장안구,정자동,'30-1,미상,신규,불명확,18.18160434,대형,61.12874049,37.29372523,126.999245,53.6492569,주의
174,1989,19000,32500,58.46153846,아파트,30,1,9,정자천로188번길 71-21,현대,84.53,수원시 장안구,정자동,'30-1,미상,신규,불명확,-2.667202031,대형,61.12874049,37.29409636,126.9984748,48.7915096,안전
175,1989,30000,35000,85.71428571,아파트,30,1,10,정자천로188번길 71-21,현대,84.94,수원시 장안구,정자동,'30-1,미상,신규,불명확,24.58554522,대형,61.12874049,37.29409636,126.9984748,57.98227651,주의
176,1990,17250,19100,90.31413613,아파트,30,5,1,월드컵로179번길 14-7,수양,55.53,수원시 영통구,원천동,'30-5,미상,신규,불명확,32.65167613,중형,57.66246,37.27803336,127.0452106,59.21978269,위험
177,1990,13800,22850,60.39387309,아파트,30,5,4,월드컵로179번길 14-7,수양,55.53,수원시 영통구,원천동,'30-5,미상,신규,불명확,2.731413092,중형,57.66246,37.27803336,127.0452106,52.48843505,주의
178,1990,12000,20000,60,아파트,30,5,5,월드컵로179번길 14-7,수양,55.53,수원시 영통구,원천동,'30-5,미상,신규,불명확,2.337540002,중형,57.66246,37.27803336,127.0452106,52.47804833,주의
179,1986,15000,21900,68.49315068,아파트,31,0,4,광교산로 36,삼원,76.98,수원시 장안구,영화동,'31,미상,신규,불명확,-11.8158128,대형,80.30896348,37.2945919,127.0221523,51.45915,안전
180,1985,14000,16800,83.33333333,아파트,31,3,1,수성로275번길 92,보은맨션,64.8,수원시 장안구,정자동,'31-3,미상,신규,불명확,22.20459284,대형,61.12874049,37.2942057,127.0002017,56.28510942,주의
181,1985,19000,20600,92.23300971,아파트,31,3,1,수성로275번길 92,보은맨션,75.6,수원시 장안구,정자동,'31-3,미상,신규,불명확,31.10426922,대형,61.12874049,37.2942057,127.0002017,58.15417979,주의
182,1985,16000,20000,80,아파트,31,3,2,수성로275번길 92,보은맨션,75.6,수원시 장안구,정자동,'31-3,미상,신규,불명확,18.87125951,대형,61.12874049,37.2942057,127.0002017,56.1972071,주의
183,1985,16666.66667,25000,66.66666667,아파트,31,3,4,수성로275번길 92,보은맨션,82.68,수원시 장안구,정자동,'31-3,미상,신규,불명확,5.537926179,대형,61.12874049,37.2942057,127.0002017,53.31583432,주의
184,2005,30000,36500,82.19178082,아파트,32,1,3,매산로 75,KCC파크타운,84.87,수원시 팔달구,매산로3가,'32-1,미상,신규,불명확,11.23279215,대형,70.95898867,37.2700918,127.0091788,56.1900882,주의
185,2005,26400,40500,65.18518519,아파트,32,1,6,매산로 75,KCC파크타운,84.87,수원시 팔달구,매산로3가,'32-1,미상,신규,불명확,-5.77380348,대형,70.95898867,37.2700918,127.0091788,51.43366268,안전
186,2005,26200,40000,65.5,아파트,32,1,14,매산로 75,KCC파크타운,84.91,수원시 팔달구,매산로3가,'32-1,미상,신규,불명확,-5.45898867,대형,70.95898867,37.2700918,127.0091788,51.44196456,안전
187,1987,13637.5,19950,68.35839599,아파트,35,0,1,중부대로271번길 27-9,주공,32.39,수원시 영통구,원천동,'35,미상,신규,공공임대,10.69593599,중형,57.66246,37.27625309,127.0468188,53.95039288,주의
188,1987,14738.05556,34300,42.968092,아파트,35,0,1,중부대로271번길 27-9,주공,41.3,수원시 영통구,원천동,'35,미상,신규,공공임대,-14.694368,중형,57.66246,37.27625309,127.0468188,48.97288312,안전
189,1987,17857.14286,37400,47.74637128,아파트,35,0,1,중부대로271번길 27-9,주공,49.94,수원시 영통구,원천동,'35,미상,신규,공공임대,-9.916088718,중형,57.66246,37.27625309,127.0468188,49.09888968,안전
190,1987,28000,43000,65.11627907,아파트,35,0,1,중부대로271번길 27-9,주공,66.38,수원시 영통구,원천동,'35,미상,신규,공공임대,11.84805401,대형,53.26822506,37.27625309,127.0468188,52.80060091,주의
191,1987,13750,28000,49.10714286,아파트,35,0,2,중부대로271번길 27-9,주공,32.39,수원시 영통구,원천동,'35,미상,신규,공공임대,-8.555317138,중형,57.66246,37.27625309,127.0468188,49.13477418,안전
192,1987,18328.94737,36800,49.8069222,아파트,35,0,2,중부대로271번길 27-9,주공,41.3,수원시 영통구,원천동,'35,미상,신규,공공임대,-7.855537798,중형,57.66246,37.27625309,127.0468188,49.15322784,안전
193,1987,19333.33333,43750,44.19047619,아파트,35,0,2,중부대로271번길 27-9,주공,49.94,수원시 영통구,원천동,'35,미상,신규,공공임대,-13.47198381,중형,57.66246,37.27625309,127.0468188,49.00511824,안전
194,1987,17523.07692,34962.5,50.11963367,아파트,35,0,3,중부대로271번길 27-9,주공,41.3,수원시 영통구,원천동,'35,미상,신규,공공임대,-7.542826328,중형,57.66246,37.27625309,127.0468188,49.16147426,안전
195,1987,23666.66667,38750,61.07526882,아파트,35,0,3,중부대로271번길 27-9,주공,49.94,수원시 영통구,원천동,'35,미상,신규,공공임대,3.412808822,중형,57.66246,37.27625309,127.0468188,51.9801455,안전
196,1987,35000,68500,51.09489051,아파트,35,0,3,중부대로271번길 27-9,주공,67.28,수원시 영통구,원천동,'35,미상,신규,공공임대,-2.173334548,대형,53.26822506,37.27625309,127.0468188,48.12289737,안전
197,1987,14541.66667,23940,60.74213311,아파트,35,0,4,중부대로271번길 27-9,주공,32.39,수원시 영통구,원천동,'35,미상,신규,공공임대,3.079673112,중형,57.66246,37.27625309,127.0468188,51.97136048,안전
198,1987,16713.52941,38380,43.54749716,아파트,35,0,4,중부대로271번길 27-9,주공,41.3,수원시 영통구,원천동,'35,미상,신규,공공임대,-14.11496284,중형,57.66246,37.27625309,127.0468188,48.98816244,안전
199,1987,18057.14286,37750,47.83349101,아파트,35,0,4,중부대로271번길 27-9,주공,49.94,수원시 영통구,원천동,'35,미상,신규,공공임대,-9.828968988,중형,57.66246,37.27625309,127.0468188,49.10118708,안전
200,1987,23700,43000,55.11627907,아파트,35,0,4,중부대로271번길 27-9,주공,61.52,수원시 영통구,원천동,'35,미상,신규,공공임대,1.848054012,대형,53.26822506,37.27625309,127.0468188,48.22894417,안전
201,1987,14009.375,27333.33333,51.25381098,아파트,35,0,5,중부대로271번길 27-9,주공,32.39,수원시 영통구,원천동,'35,미상,신규,공공임대,-6.408649018,중형,57.66246,37.27625309,127.0468188,49.1913833,안전
202,1987,16612.95455,34600,48.0143195,아파트,35,0,5,중부대로271번길 27-9,주공,41.3,수원시 영통구,원천동,'35,미상,신규,공공임대,-9.648140498,중형,57.66246,37.27625309,127.0468188,49.10595566,안전
203,1987,17250,40000,43.125,아파트,35,0,5,중부대로271번길 27-9,주공,49.94,수원시 영통구,원천동,'35,미상,신규,공공임대,-14.53746,중형,57.66246,37.27625309,127.0468188,48.9770209,안전
204,1987,28500,52300,54.49330784,아파트,35,0,5,중부대로271번길 27-9,주공,66.38,수원시 영통구,원천동,'35,미상,신규,공공임대,1.225082782,대형,53.26822506,37.27625309,127.0468188,48.21251599,안전
205,1987,15510,26733.33333,58.01745636,아파트,35,0,6,중부대로271번길 27-9,주공,32.39,수원시 영통구,원천동,'35,미상,신규,공공임대,0.354996362,중형,57.66246,37.27625309,127.0468188,49.36974534,안전
206,1987,17100,38300,44.64751958,아파트,35,0,6,중부대로271번길 27-9,주공,41.3,수원시 영통구,원천동,'35,미상,신규,공공임대,-13.01494042,중형,57.66246,37.27625309,127.0468188,49.0171708,안전
207,1987,23190,45000,51.53333333,아파트,35,0,6,중부대로271번길 27-9,주공,61.52,수원시 영통구,원천동,'35,미상,신규,공공임대,-1.734891728,대형,53.26822506,37.27625309,127.0468188,48.13445941,안전
208,1987,24000,70000,34.28571429,아파트,35,0,6,중부대로271번길 27-9,주공,66.56,수원시 영통구,원천동,'35,미상,신규,공공임대,-18.98251077,대형,53.26822506,37.27625309,127.0468188,45.38523252,안전
209,1987,14041.66667,28866.66667,48.64318707,아파트,35,0,7,중부대로271번길 27-9,주공,32.39,수원시 영통구,원천동,'35,미상,신규,공공임대,-9.019272928,중형,57.66246,37.27625309,127.0468188,49.12253934,안전
210,1987,18091.66667,34300,52.74538387,아파트,35,0,7,중부대로271번길 27-9,주공,41.3,수원시 영통구,원천동,'35,미상,신규,공공임대,-4.917076128,중형,57.66246,37.27625309,127.0468188,49.23071712,안전
211,1987,18950,46075,41.12859468,아파트,35,0,7,중부대로271번길 27-9,주공,49.94,수원시 영통구,원천동,'35,미상,신규,공공임대,-16.53386532,중형,57.66246,37.27625309,127.0468188,48.9243743,안전
212,1987,18952.38095,39840,47.57123733,아파트,35,0,8,중부대로271번길 27-9,주공,41.3,수원시 영통구,원천동,'35,미상,신규,공공임대,-10.09122267,중형,57.66246,37.27625309,127.0468188,49.09427128,안전
213,1987,21107.14286,43566.66667,48.44791781,아파트,35,0,8,중부대로271번길 27-9,주공,49.94,수원시 영통구,원천동,'35,미상,신규,공공임대,-9.214542188,중형,57.66246,37.27625309,127.0468188,49.11738994,안전
214,1987,30000,51750,57.97101449,아파트,35,0,8,중부대로271번길 27-9,주공,67.28,수원시 영통구,원천동,'35,미상,신규,공공임대,4.702789432,대형,53.26822506,37.27625309,127.0468188,50.08241178,안전
215,1987,13283.33333,28200,47.10401891,아파트,35,0,9,중부대로271번길 27-9,주공,32.39,수원시 영통구,원천동,'35,미상,신규,공공임대,-10.55844109,중형,57.66246,37.27625309,127.0468188,49.0819504,안전
216,1987,20042.85714,32000,62.63392857,아파트,35,0,9,중부대로271번길 27-9,주공,41.3,수원시 영통구,원천동,'35,미상,신규,공공임대,4.971468572,중형,57.66246,37.27625309,127.0468188,53.7994347,주의
217,1987,16136.36364,28500,56.61881978,아파트,35,0,10,중부대로271번길 27-9,주공,32.39,수원시 영통구,원천동,'35,미상,신규,공공임대,-1.043640218,중형,57.66246,37.27625309,127.0468188,49.33286232,안전
218,1987,16413.84615,28000,58.62087912,아파트,35,0,10,중부대로271번길 27-9,주공,41.3,수원시 영통구,원천동,'35,미상,신규,공공임대,0.958419122,중형,57.66246,37.27625309,127.0468188,49.385658,안전
219,1987,18550,40700,45.57739558,아파트,35,0,10,중부대로271번길 27-9,주공,49.94,수원시 영통구,원천동,'35,미상,신규,공공임대,-12.08506442,중형,57.66246,37.27625309,127.0468188,49.04169228,안전
220,1987,17703.57143,37000,47.84749035,아파트,35,0,11,중부대로271번길 27-9,주공,41.3,수원시 영통구,원천동,'35,미상,신규,공공임대,-9.814969648,중형,57.66246,37.27625309,127.0468188,49.10155626,안전
221,1987,27250,48800,55.84016393,아파트,35,0,11,중부대로271번길 27-9,주공,61.52,수원시 영통구,원천동,'35,미상,신규,공공임대,2.571938872,대형,53.26822506,37.27625309,127.0468188,48.24803353,안전
222,1987,16785.71429,30667.5,54.73453749,아파트,35,0,12,중부대로271번길 27-9,주공,32.39,수원시 영통구,원천동,'35,미상,신규,공공임대,-2.927922508,중형,57.66246,37.27625309,127.0468188,49.28317248,안전
223,1987,17300,34928.57143,49.52965235,아파트,35,0,12,중부대로271번길 27-9,주공,41.3,수원시 영통구,원천동,'35,미상,신규,공공임대,-8.132807648,중형,57.66246,37.27625309,127.0468188,49.14591604,안전
224,1987,24600,42000,58.57142857,아파트,35,0,12,중부대로271번길 27-9,주공,49.94,수원시 영통구,원천동,'35,미상,신규,공공임대,0.908968572,중형,57.66246,37.27625309,127.0468188,49.38435396,안전
225,1987,24666.66667,60000,41.11111111,아파트,35,0,12,중부대로271번길 27-9,주공,61.52,수원시 영통구,원천동,'35,미상,신규,공공임대,-12.15711395,대형,53.26822506,37.27625309,127.0468188,47.85961817,안전
226,1987,15200,27166.66667,55.95092025,아파트,35,0,13,중부대로271번길 27-9,주공,32.39,수원시 영통구,원천동,'35,미상,신규,공공임대,-1.711539748,중형,57.66246,37.27625309,127.0468188,49.31524934,안전
227,1987,17240,35800,48.15642458,아파트,35,0,13,중부대로271번길 27-9,주공,41.3,수원시 영통구,원천동,'35,미상,신규,공공임대,-9.506035418,중형,57.66246,37.27625309,127.0468188,49.10970308,안전
228,1987,22720,49000,46.36734694,아파트,35,0,13,중부대로271번길 27-9,주공,61.52,수원시 영통구,원천동,'35,미상,신규,공공임대,-6.900878118,대형,53.26822506,37.27625309,127.0468188,47.99822875,안전
229,1987,14954.54545,33700,44.3755058,아파트,35,0,14,중부대로271번길 27-9,주공,32.39,수원시 영통구,원천동,'35,미상,신규,공공임대,-13.2869542,중형,57.66246,37.27625309,127.0468188,49.0099976,안전
230,1987,18802.94118,41620,45.1776578,아파트,35,0,14,중부대로271번길 27-9,주공,41.3,수원시 영통구,원천동,'35,미상,신규,공공임대,-12.4848022,중형,57.66246,37.27625309,127.0468188,49.03115092,안전
231,1987,18400,38250,48.10457516,아파트,35,0,14,중부대로271번길 27-9,주공,49.94,수원시 영통구,원천동,'35,미상,신규,공공임대,-9.557884838,중형,57.66246,37.27625309,127.0468188,49.10833576,안전
232,1987,20216.66667,55000,36.75757576,아파트,35,0,14,중부대로271번길 27-9,주공,61.52,수원시 영통구,원천동,'35,미상,신규,공공임대,-16.5106493,대형,53.26822506,37.27625309,127.0468188,45.45041722,안전
233,1987,23000,58000,39.65517241,아파트,35,0,14,중부대로271번길 27-9,주공,67.28,수원시 영통구,원천동,'35,미상,신규,공공임대,-13.61305265,대형,53.26822506,37.27625309,127.0468188,45.52682886,안전
234,1987,11590,27333.33333,42.40243902,아파트,35,0,15,중부대로271번길 27-9,주공,32.39,수원시 영통구,원천동,'35,미상,신규,공공임대,-15.26002098,중형,57.66246,37.27625309,127.0468188,48.95796646,안전
235,1987,17416.66667,41000,42.4796748,아파트,35,0,15,중부대로271번길 27-9,주공,41.3,수원시 영통구,원천동,'35,미상,신규,공공임대,-15.1827852,중형,57.66246,37.27625309,127.0468188,48.96000324,안전
236,1987,20696.15385,41250,50.17249417,아파트,35,0,15,중부대로271번길 27-9,주공,49.94,수원시 영통구,원천동,'35,미상,신규,공공임대,-7.489965828,중형,57.66246,37.27625309,127.0468188,49.16286822,안전
237,1987,22000,47000,46.80851064,아파트,35,0,15,중부대로271번길 27-9,주공,66.56,수원시 영통구,원천동,'35,미상,신규,공공임대,-6.459714418,대형,53.26822506,37.27625309,127.0468188,48.00986255,안전
238,2007,25000,40000,62.5,아파트,36,20,8,송정로76번길 14,가림,95.84,수원시 장안구,정자동,'36-20,미상,신규,불명확,-0.88881381,초대형,63.38881381,37.29525213,127.0054749,51.41284492,안전
239,2019,32400,35000,92.57142857,아파트,36,21,5,송정로76번길 6,예은퍼스트타워,84.97,수원시 장안구,정자동,'36-21,미상,갱신,불명확,31.44268808,대형,61.12874049,37.29549345,127.0053504,58.15381206,주의
240,1982,8840,8400,105.2380952,아파트,36,23,1,송정로 82,송학,31.74,수원시 장안구,정자동,'36-23,미상,신규,불명확,45.07247072,중형,60.16562448,37.29553281,127.0058924,61.89120247,위험
241,1982,7250,11100,65.31531532,아파트,36,23,2,송정로 82,송학,31.74,수원시 장안구,정자동,'36-23,미상,신규,불명확,5.149690844,중형,60.16562448,37.29553281,127.0058924,54.37987259,주의
242,1982,7583.333333,10323.33333,73.45818534,아파트,36,23,3,송정로 82,송학,31.74,수원시 장안구,정자동,'36-23,미상,신규,불명확,13.29256086,중형,60.16562448,37.29553281,127.0058924,54.59460573,주의
243,1982,6666.666667,9976.666667,66.82258603,아파트,36,23,4,송정로 82,송학,31.74,수원시 장안구,정자동,'36-23,미상,신규,불명확,6.656961554,중형,60.16562448,37.29553281,127.0058924,54.41962035,주의
244,1982,10000,18800,53.19148936,아파트,36,23,4,송정로 82,송학,60.07,수원시 장안구,정자동,'36-23,미상,신규,불명확,-7.937251131,대형,61.12874049,37.29553281,127.0058924,48.65253474,안전
245,1982,7125,11850,60.12658228,아파트,36,23,5,송정로 82,송학,31.74,수원시 장안구,정자동,'36-23,미상,신규,불명확,-0.039042196,중형,60.16562448,37.29553281,127.0058924,52.46485583,주의
246,1982,5615.384615,9100,61.70752325,아파트,36,23,6,송정로 82,송학,31.74,수원시 장안구,정자동,'36-23,미상,신규,불명확,1.541898774,중형,60.16562448,37.29553281,127.0058924,52.50654633,주의
247,1985,11000,13000,84.61538462,아파트,41,12,4,장안로103번길 4,경원,41.58,수원시 장안구,정자동,'41-12,미상,신규,불명확,24.44976014,중형,60.16562448,37.2932979,127.0009237,59.05297207,위험
248,1985,13000,11850,109.7046414,아파트,41,12,6,장안로103번길 4,경원,41.58,수원시 장안구,정자동,'41-12,미상,신규,불명확,49.53901692,중형,60.16562448,37.2932979,127.0009237,62.00898839,위험
249,2003,19000,29000,65.51724138,아파트,45,2,4,장안로103번길 37,노블레스,84.4326,수원시 장안구,정자동,'45-2,미상,갱신,불명확,4.388500889,대형,61.12874049,37.29225012,126.9996921,51.4485468,안전
250,2003,23333.33333,31350,74.42849548,아파트,45,2,5,장안로103번길 37,노블레스,84.4326,수원시 장안구,정자동,'45-2,미상,갱신,불명확,13.29975499,대형,61.12874049,37.29225012,126.9996921,51.68354276,안전
251,2003,23000,31350,73.36523126,아파트,45,2,7,장안로103번길 37,노블레스,84.4326,수원시 장안구,정자동,'45-2,미상,갱신,불명확,12.23649077,대형,61.12874049,37.29225012,126.9996921,51.65550374,안전
252,2003,17000,30000,56.66666667,아파트,45,2,8,장안로103번길 37,노블레스,84.4326,수원시 장안구,정자동,'45-2,미상,갱신,불명확,-4.462073821,대형,61.12874049,37.29225012,126.9996921,46.9072012,안전
253,1987,12000,14400,83.33333333,아파트,45,8,4,수성로275번길 45,대성,42.21,수원시 장안구,정자동,'45-8,미상,신규,불명확,23.16770885,중형,60.16562448,37.29212782,127.0008025,59.01916349,위험
254,1987,10106.25,14100,71.67553191,아파트,45,8,5,수성로275번길 45,대성,44.64,수원시 장안구,정자동,'45-8,미상,신규,불명확,11.50990743,중형,60.16562448,37.29212782,127.0008025,54.54759593,주의
255,1998,30000,44800,66.96428571,아파트,50,0,3,매봉로27번길 11,극동,84.39,수원시 영통구,매탄동,'50,미상,신규,불명확,2.787114054,대형,64.17717166,37.26971995,127.0518334,51.52536504,안전
256,1998,31000,30500,101.6393443,아파트,50,0,4,매봉로27번길 11,극동,59.93,수원시 영통구,매탄동,'50,미상,신규,불명확,39.80419888,중형,61.83514542,37.26971995,127.0518334,61.78527561,위험
257,1998,27000,44500,60.6741573,아파트,50,0,4,매봉로27번길 11,극동,84.39,수원시 영통구,매탄동,'50,미상,신규,불명확,-3.503014356,대형,64.17717166,37.26971995,127.0518334,51.35948998,안전
258,1998,22000,40000,55,아파트,50,0,5,매봉로27번길 11,극동,59.93,수원시 영통구,매탄동,'50,미상,신규,불명확,-6.835145416,중형,61.83514542,37.26971995,127.0518334,49.78887547,안전
259,1998,35500,47125,75.33156499,아파트,50,0,6,매봉로27번길 11,극동,84.39,수원시 영통구,매탄동,'50,미상,신규,불명확,11.15439333,대형,64.17717166,37.26971995,127.0518334,53.52420226,주의
260,1998,22000,37500,58.66666667,아파트,50,0,9,매봉로27번길 11,극동,59.93,수원시 영통구,매탄동,'50,미상,신규,불명확,-3.168478746,중형,61.83514542,37.26971995,127.0518334,49.88556801,안전
261,1998,21000,39500,53.16455696,아파트,50,0,10,매봉로27번길 11,극동,59.93,수원시 영통구,매탄동,'50,미상,신규,불명확,-8.670588456,중형,61.83514542,37.26971995,127.0518334,49.74047355,안전
262,1995,17333.33333,20500,84.55284553,아파트,65,0,1,만석로 250-9,영광,59.86,수원시 장안구,송죽동,'65,미상,신규,불명확,17.81587363,중형,66.7369719,37.30801965,127.0038346,57.37354683,주의
263,1995,20000,23033.33333,86.83068017,아파트,65,0,2,만석로 250-9,영광,59.86,수원시 장안구,송죽동,'65,미상,신규,불명확,20.09370827,중형,66.7369719,37.30801965,127.0038346,57.43361491,주의
264,1995,16887.5,22750,74.23076923,아파트,65,0,4,만석로 250-9,영광,59.86,수원시 장안구,송죽동,'65,미상,신규,불명확,7.493797329,중형,66.7369719,37.30801965,127.0038346,54.57158297,주의
265,1995,22000,23937.5,91.90600522,아파트,65,0,5,만석로 250-9,영광,59.86,수원시 장안구,송죽동,'65,미상,신규,불명확,25.16903332,중형,66.7369719,37.30801965,127.0038346,59.20183447,위험
266,1995,21000,36133.33333,58.11808118,아파트,65,0,8,만석로 250-9,영광,84.98,수원시 장안구,송죽동,'65,미상,신규,불명확,-4.584982499,대형,62.70306368,37.30801965,127.0038346,48.77205576,안전
267,1995,13875,24400,56.8647541,아파트,65,0,10,만석로 250-9,영광,59.86,수원시 장안구,송죽동,'65,미상,신규,불명확,-9.872217801,중형,66.7369719,37.30801965,127.0038346,49.80567931,안전
268,1995,20000,22000,90.90909091,아파트,65,0,13,만석로 250-9,영광,59.86,수원시 장안구,송죽동,'65,미상,신규,불명확,24.17211901,중형,66.7369719,37.30801965,127.0038346,59.17554515,위험
269,1995,26000,32250,80.62015504,아파트,65,0,14,만석로 250-9,영광,84.98,수원시 장안구,송죽동,'65,미상,신규,불명확,17.91709136,대형,62.70306368,37.30801965,127.0038346,56.2031644,주의
270,1995,30000,35400,84.74576271,아파트,65,0,17,만석로 250-9,영광,84.98,수원시 장안구,송죽동,'65,미상,신규,불명확,22.04269903,대형,62.70306368,37.30801965,127.0038346,56.31195954,주의
271,1996,19450,23233.33333,83.71592539,아파트,66,0,1,서수원로 607,강남,59.81,수원시 권선구,금곡동,'66,미상,신규,불명확,14.95549786,중형,68.76042753,37.27946645,126.9540991,57.33811401,주의
272,1996,21000,38625,54.36893204,아파트,66,0,1,서수원로 607,강남,84.645,수원시 권선구,금곡동,'66,미상,신규,불명확,-9.274974399,대형,63.64390644,37.27946645,126.9540991,48.6669749,안전
273,1996,17971.42857,26000,69.12087912,아파트,66,0,2,서수원로 607,강남,59.81,수원시 권선구,금곡동,'66,미상,신규,불명확,0.360451587,중형,68.76042753,37.27946645,126.9540991,52.64528271,주의
274,1996,19166.66667,37000,51.8018018,아파트,66,0,2,서수원로 607,강남,84.645,수원시 권선구,금곡동,'66,미상,신규,불명확,-11.84210464,대형,63.64390644,37.27946645,126.9540991,48.59927788,안전
275,1996,28000,49700,56.33802817,아파트,66,0,2,서수원로 607,강남,134.73,수원시 권선구,금곡동,'66,미상,신규,불명확,-9.787230719,초대형,66.12525889,37.27946645,126.9540991,48.7025148,안전
276,1996,15992.85714,24160,66.19560076,아파트,66,0,3,서수원로 607,강남,59.81,수원시 권선구,금곡동,'66,미상,신규,불명확,-2.564826773,중형,68.76042753,37.27946645,126.9540991,52.56814109,주의
277,1996,21750,41166.66667,52.8340081,아파트,66,0,3,서수원로 607,강남,84.645,수원시 권선구,금곡동,'66,미상,신규,불명확,-10.80989834,대형,63.64390644,37.27946645,126.9540991,48.62649788,안전
278,1996,16640,25475,65.31894014,아파트,66,0,4,서수원로 607,강남,59.81,수원시 권선구,금곡동,'66,미상,신규,불명확,-3.441487393,중형,68.76042753,37.27946645,126.9540991,52.54502295,주의
279,1996,23536.36364,34350,68.51925367,아파트,66,0,4,서수원로 607,강남,84.645,수원시 권선구,금곡동,'66,미상,신규,불명확,4.875347231,대형,63.64390644,37.27946645,126.9540991,53.3480785,주의
280,1996,23740,37460,63.37426588,아파트,66,0,5,서수원로 607,강남,84.645,수원시 권선구,금곡동,'66,미상,신규,불명확,-0.269640559,대형,63.64390644,37.27946645,126.9540991,51.43421532,안전
281,1996,17540,25500,68.78431373,아파트,66,0,6,서수원로 607,강남,59.81,수원시 권선구,금곡동,'66,미상,신규,불명확,0.023886197,중형,68.76042753,37.27946645,126.9540991,52.63640725,주의
282,1996,24285.71429,43400,55.95786702,아파트,66,0,6,서수원로 607,강남,84.645,수원시 권선구,금곡동,'66,미상,신규,불명확,-7.686039419,대형,63.64390644,37.27946645,126.9540991,48.7088762,안전
283,1996,18169.23077,26250,69.21611722,아파트,66,0,7,서수원로 607,강남,59.81,수원시 권선구,금곡동,'66,미상,신규,불명확,0.455689687,중형,68.76042753,37.27946645,126.9540991,52.64779421,주의
284,1996,23644.44444,34500,68.53462158,아파트,66,0,8,서수원로 607,강남,84.645,수원시 권선구,금곡동,'66,미상,신규,불명확,4.890715141,대형,63.64390644,37.27946645,126.9540991,53.34848376,주의
285,1996,24300,50000,48.6,아파트,66,0,9,서수원로 607,강남,84.645,수원시 권선구,금곡동,'66,미상,신규,불명확,-15.04390644,대형,63.64390644,37.27946645,126.9540991,48.51484414,안전
286,1996,17833.33333,27216.66667,65.52357624,아파트,66,0,10,서수원로 607,강남,59.81,수원시 권선구,금곡동,'66,미상,신규,불명확,-3.236851293,중형,68.76042753,37.27946645,126.9540991,52.55041935,주의
287,1996,24645,40233.33333,61.25517813,아파트,66,0,10,서수원로 607,강남,84.645,수원시 권선구,금곡동,'66,미상,신규,불명확,-2.388728309,대형,63.64390644,37.27946645,126.9540991,51.3783335,안전
288,1996,21000,25460,82.48232522,아파트,66,0,11,서수원로 607,강남,59.81,수원시 권선구,금곡동,'66,미상,신규,불명확,13.72189769,중형,68.76042753,37.27946645,126.9540991,57.30558313,주의
289,1996,26000,34350,75.69141194,아파트,66,0,11,서수원로 607,강남,84.645,수원시 권선구,금곡동,'66,미상,신규,불명확,12.0475055,대형,63.64390644,37.27946645,126.9540991,53.5372133,주의
290,1996,15550,26075,59.63566635,아파트,66,0,12,서수원로 607,강남,59.81,수원시 권선구,금곡동,'66,미상,신규,불명확,-9.124761183,중형,68.76042753,37.27946645,126.9540991,49.86538755,안전
291,1996,23875,40325,59.20644761,아파트,66,0,12,서수원로 607,강남,84.645,수원시 권선구,금곡동,'66,미상,신규,불명확,-4.437458829,대형,63.64390644,37.27946645,126.9540991,48.79454354,안전
292,1996,40000,59000,67.79661017,아파트,66,0,12,서수원로 607,강남,134.73,수원시 권선구,금곡동,'66,미상,신규,불명확,1.671351281,초대형,66.12525889,37.27946645,126.9540991,51.53444908,안전
293,1996,15590,26500,58.83018868,아파트,66,0,13,서수원로 607,강남,59.81,수원시 권선구,금곡동,'66,미상,신규,불명확,-9.930238853,중형,68.76042753,37.27946645,126.9540991,49.84414653,안전
294,1996,25333.33333,37111.11111,68.26347305,아파트,66,0,13,서수원로 607,강남,84.645,수원시 권선구,금곡동,'66,미상,신규,불명확,4.619566611,대형,63.64390644,37.27946645,126.9540991,53.34133338,주의
295,1996,15350,35000,43.85714286,아파트,66,0,14,서수원로 607,강남,59.81,수원시 권선구,금곡동,'66,미상,신규,불명확,-24.90328467,중형,68.76042753,37.27946645,126.9540991,49.44929691,안전
296,1996,18091.66667,26800,67.50621891,아파트,66,0,15,서수원로 607,강남,59.81,수원시 권선구,금곡동,'66,미상,신규,불명확,-1.254208623,중형,68.76042753,37.27946645,126.9540991,52.60270301,주의
297,1996,25428.57143,41500,61.27366609,아파트,66,0,15,서수원로 607,강남,84.645,수원시 권선구,금곡동,'66,미상,신규,불명확,-2.370240349,대형,63.64390644,37.27946645,126.9540991,51.37882106,안전
298,1996,18000,26866.66667,66.99751861,아파트,66,0,16,서수원로 607,강남,59.81,수원시 권선구,금곡동,'66,미상,신규,불명확,-1.762908923,중형,68.76042753,37.27946645,126.9540991,52.58928823,주의
299,1996,25885,38150,67.85058978,아파트,66,0,16,서수원로 607,강남,84.645,수원시 권선구,금곡동,'66,미상,신규,불명확,4.206683341,대형,63.64390644,37.27946645,126.9540991,51.5522591,안전
